function_id,user_id,accurate,adequate,concise,similarity,source,text,text
1,1,4,1,1,4,reference,tests if plugin is in registry,checks if the plugin contains the given plugin name
1,3,4,1,1,4,alex1,checks if the plugin contains the given plugin name,tests if plugin is in registry
1,4,4,2,2,2,alex1,checks if the plugin contains the given plugin name,tests if plugin is in registry
1,6,4,1,1,3,reference,tests if plugin is in registry,checks if the plugin contains the given plugin name
2,1,4,3,1,4,reference,sets the bin width and repaints,sets the dimensions of the bin
2,3,3,2,1,2,alex1,sets the dimensions of the bin,sets the bin width and repaints
2,4,4,1,1,1,reference,sets the bin width and repaints,sets the dimensions of the bin
2,6,4,1,1,3,alex1,sets the dimensions of the bin,sets the bin width and repaints
3,1,4,2,1,3,reference,create a new pgraph model based on set of nodes,creates a new graph model
3,3,4,1,1,2,alex1,creates a new graph model,create a new pgraph model based on set of nodes
3,4,4,2,2,3,alex1,creates a new graph model,create a new pgraph model based on set of nodes
3,6,4,1,1,4,reference,create a new pgraph model based on set of nodes,creates a new graph model
4,1,2,3,3,1,reference,optimize the list of files to remove by discarding redundant operations like,remove the <UNK> of the <UNK>
4,3,2,4,1,2,alex1,remove the <UNK> of the <UNK>,optimize the list of files to remove by discarding redundant operations like
4,4,3,3,3,2,reference,optimize the list of files to remove by discarding redundant operations like,remove the <UNK> of the <UNK>
4,6,1,4,3,1,alex1,remove the <UNK> of the <UNK>,optimize the list of files to remove by discarding redundant operations like
5,1,4,1,1,1,reference,traverses the graph breadth first and updates the distance,<UNK> the node
5,3,1,4,1,1,alex1,<UNK> the node,traverses the graph breadth first and updates the distance
5,4,1,4,2,1,alex1,<UNK> the node,traverses the graph breadth first and updates the distance
5,6,4,1,1,1,reference,traverses the graph breadth first and updates the distance,<UNK> the node
6,1,2,3,2,2,reference,transform the validation report object into a xmlstream writer,exports the specified xml stream to the xml xml
6,3,3,3,1,1,alex1,exports the specified xml stream to the xml xml,transform the validation report object into a xmlstream writer
6,4,2,3,3,1,reference,transform the validation report object into a xmlstream writer,exports the specified xml stream to the xml xml
6,6,2,4,3,1,alex1,exports the specified xml stream to the xml xml,transform the validation report object into a xmlstream writer
7,1,3,2,2,3,reference,returns code true code if this link is an invalid email address link,checks if the email link is an invalid email link
7,3,4,3,1,3,alex1,checks if the email link is an invalid email link,returns code true code if this link is an invalid email address link
7,4,4,1,1,3,alex1,checks if the email link is an invalid email link,returns code true code if this link is an invalid email address link
7,6,3,2,1,4,reference,returns code true code if this link is an invalid email address link,checks if the email link is an invalid email link
8,1,2,3,3,2,reference,loads the image from a file,load the file
8,3,4,2,1,2,alex1,load the file,loads the image from a file
8,4,2,3,3,2,reference,loads the image from a file,load the file
8,6,4,2,1,3,alex1,load the file,loads the image from a file
9,1,4,1,2,2,reference,node list method count the immediate children of this node,returns the number of the last modified list
9,3,1,4,1,1,alex1,returns the number of the last modified list,node list method count the immediate children of this node
9,4,3,2,2,2,alex1,returns the number of the last modified list,node list method count the immediate children of this node
9,6,3,1,3,3,reference,node list method count the immediate children of this node,returns the number of the last modified list
10,1,1,4,4,1,reference,introduced in dom level 2,returns the attribute of the given namespace
10,3,4,2,1,1,alex1,returns the attribute of the given namespace,introduced in dom level 2
10,4,2,4,3,1,reference,introduced in dom level 2,returns the attribute of the given namespace
10,6,4,1,1,1,alex1,returns the attribute of the given namespace,introduced in dom level 2
11,1,4,1,1,4,reference,returns a page context,get the page context for the given page
11,3,4,1,1,3,alex1,get the page context for the given page,returns a page context
11,4,4,2,2,3,alex1,get the page context for the given page,returns a page context
11,6,4,3,1,3,reference,returns a page context,get the page context for the given page
12,1,4,1,1,3,reference,open a window to start the import process,opens a new window window
12,3,4,2,1,1,alex1,opens a new window window,open a window to start the import process
12,4,4,2,2,1,reference,open a window to start the import process,opens a new window window
12,6,3,4,1,3,alex1,opens a new window window,open a window to start the import process
13,1,4,1,1,2,reference,notifies all views to de register from their view controllers,close the <UNK>
13,3,2,3,1,1,alex1,close the <UNK>,notifies all views to de register from their view controllers
13,4,2,4,1,2,alex1,close the <UNK>,notifies all views to de register from their view controllers
13,6,3,1,1,1,reference,notifies all views to de register from their view controllers,close the <UNK>
14,1,4,3,1,2,reference,method to handle initialisation tasks,initialize the list of the data
14,3,4,1,1,1,alex1,initialize the list of the data,method to handle initialisation tasks
14,4,3,3,2,2,reference,method to handle initialisation tasks,initialize the list of the data
14,6,4,2,1,2,alex1,initialize the list of the data,method to handle initialisation tasks
15,1,3,3,2,2,reference,called when file status information has been received,a file info generated for the file
15,3,3,3,1,2,alex1,a file info generated for the file,called when file status information has been received
15,4,1,3,2,1,alex1,a file info generated for the file,called when file status information has been received
15,6,3,2,2,2,reference,called when file status information has been received,a file info generated for the file
16,1,3,3,1,2,reference,listens for output of the command,called when a message is received
16,3,2,4,1,1,alex1,called when a message is received,listens for output of the command
16,4,2,3,2,2,reference,listens for output of the command,called when a message is received
16,6,2,3,2,1,alex1,called when a message is received,listens for output of the command
17,1,3,4,1,4,reference,update an already existent user schema,update the schema schema
17,3,4,3,1,2,alex1,update the schema schema,update an already existent user schema
17,4,3,2,2,2,alex1,update the schema schema,update an already existent user schema
17,6,3,1,2,3,reference,update an already existent user schema,update the schema schema
18,1,4,3,1,2,reference,returns all the values associated with the given key,returns all the keys of the specified key
18,3,3,4,1,3,alex1,returns all the keys of the specified key,returns all the values associated with the given key
18,4,4,1,1,2,reference,returns all the values associated with the given key,returns all the keys of the specified key
18,6,2,3,3,1,alex1,returns all the keys of the specified key,returns all the values associated with the given key
19,1,4,1,1,2,reference,adds a date to the list keeping the list sorted,adds a date to the date
19,3,3,1,1,2,alex1,adds a date to the date,adds a date to the list keeping the list sorted
19,4,2,4,2,1,alex1,adds a date to the date,adds a date to the list keeping the list sorted
19,6,4,1,1,2,reference,adds a date to the list keeping the list sorted,adds a date to the date
20,1,2,3,3,1,reference,can be overridden by subclasses to customize how the wsa to header is,get the target name of the given url
20,3,4,2,1,1,alex1,get the target name of the given url,can be overridden by subclasses to customize how the wsa to header is
20,4,2,4,4,1,reference,can be overridden by subclasses to customize how the wsa to header is,get the target name of the given url
20,6,4,2,1,1,alex1,get the target name of the given url,can be overridden by subclasses to customize how the wsa to header is
21,1,2,3,2,2,reference,add compononents to the page,this method initializes <UNK>
21,3,4,1,1,1,alex1,this method initializes <UNK>,add compononents to the page
21,4,1,4,2,2,alex1,this method initializes <UNK>,add compononents to the page
21,6,2,3,2,1,reference,add compononents to the page,this method initializes <UNK>
22,1,2,3,3,2,reference,modifiactor for the target map from the current configured settings,this method constructs a new target map
22,3,4,1,1,1,alex1,this method constructs a new target map,modifiactor for the target map from the current configured settings
22,4,2,4,4,1,reference,modifiactor for the target map from the current configured settings,this method constructs a new target map
22,6,4,1,1,2,alex1,this method constructs a new target map,modifiactor for the target map from the current configured settings
23,1,4,1,1,2,reference,capitalizes the first letter of each word,capitalize the first string of the given string
23,3,2,1,1,1,alex1,capitalize the first string of the given string,capitalizes the first letter of each word
23,4,3,2,2,3,alex1,capitalize the first string of the given string,capitalizes the first letter of each word
23,6,4,1,1,3,reference,capitalizes the first letter of each word,capitalize the first string of the given string
24,1,4,2,1,4,reference,returns a reference for the root element from the,returns the root element of the resource
24,3,4,1,1,3,alex1,returns the root element of the resource,returns a reference for the root element from the
24,4,3,2,3,3,reference,returns a reference for the root element from the,returns the root element of the resource
24,6,4,1,1,3,alex1,returns the root element of the resource,returns a reference for the root element from the
25,1,3,3,2,1,reference,attempts to repair any modules which are in an error state,this method crawls the <UNK>
25,3,2,4,2,1,alex1,this method crawls the <UNK>,attempts to repair any modules which are in an error state
25,4,2,4,2,1,alex1,this method crawls the <UNK>,attempts to repair any modules which are in an error state
25,6,3,3,1,1,reference,attempts to repair any modules which are in an error state,this method crawls the <UNK>
26,1,4,2,1,4,reference,sets the selected existing script,sets the selected script
26,3,4,3,1,4,alex1,sets the selected script,sets the selected existing script
26,4,3,3,2,3,reference,sets the selected existing script,sets the selected script
26,6,3,3,1,4,alex1,sets the selected script,sets the selected existing script
27,1,4,1,1,3,reference,public method to set the security level,sets the security mode for the authentication token
27,3,4,1,1,3,alex1,sets the security mode for the authentication token,public method to set the security level
27,4,3,2,1,3,alex1,sets the security mode for the authentication token,public method to set the security level
27,6,4,1,1,2,reference,public method to set the security level,sets the security mode for the authentication token
28,1,3,3,1,4,reference,set the jdai photo to display,sets the photo displayed in the eab
28,3,4,2,1,2,alex1,sets the photo displayed in the eab,set the jdai photo to display
28,4,3,2,2,2,reference,set the jdai photo to display,sets the photo displayed in the eab
28,6,3,3,2,2,alex1,sets the photo displayed in the eab,set the jdai photo to display
29,1,3,2,2,3,reference,write the scaled and rotated cache file for a photo,creates a new photo from the cache
29,3,4,2,1,2,alex1,creates a new photo from the cache,write the scaled and rotated cache file for a photo
29,4,3,2,2,2,alex1,creates a new photo from the cache,write the scaled and rotated cache file for a photo
29,6,3,2,4,3,reference,write the scaled and rotated cache file for a photo,creates a new photo from the cache
30,1,2,3,4,1,reference,shake hands with the server,go to the user interface
30,3,4,3,1,1,alex1,go to the user interface,shake hands with the server
30,4,2,3,3,1,reference,shake hands with the server,go to the user interface
30,6,3,3,1,1,alex1,go to the user interface,shake hands with the server
31,1,4,2,1,4,reference,verify the value stored in a cookie using code greater than tag code,tests the cookie number of a cookie
31,3,4,4,1,2,alex1,tests the cookie number of a cookie,verify the value stored in a cookie using code greater than tag code
31,4,3,2,2,2,alex1,tests the cookie number of a cookie,verify the value stored in a cookie using code greater than tag code
31,6,3,3,1,3,reference,verify the value stored in a cookie using code greater than tag code,tests the cookie number of a cookie
32,1,4,1,1,3,reference,removes a whole passage from the map,removes the given entry from the list of queue
32,3,3,2,1,1,alex1,removes the given entry from the list of queue,removes a whole passage from the map
32,4,2,3,2,2,reference,removes a whole passage from the map,removes the given entry from the list of queue
32,6,3,2,2,2,alex1,removes the given entry from the list of queue,removes a whole passage from the map
33,1,3,3,2,4,reference,creates a checklist item for the specified list,create a new checklist item
33,3,4,1,1,3,alex1,create a new checklist item,creates a checklist item for the specified list
33,4,3,3,2,3,alex1,create a new checklist item,creates a checklist item for the specified list
33,6,3,1,1,3,reference,creates a checklist item for the specified list,create a new checklist item
34,1,4,2,2,3,reference,returns the detail message string of this throwable,returns the message as a string
34,3,4,2,1,2,alex1,returns the message as a string,returns the detail message string of this throwable
34,4,4,1,1,3,reference,returns the detail message string of this throwable,returns the message as a string
34,6,4,1,1,3,alex1,returns the message as a string,returns the detail message string of this throwable
35,1,3,2,1,4,reference,creates a sample dataset,creates a dataset for a dataset
35,3,4,3,1,2,alex1,creates a dataset for a dataset,creates a sample dataset
35,4,3,3,3,2,alex1,creates a dataset for a dataset,creates a sample dataset
35,6,3,2,1,3,reference,creates a sample dataset,creates a dataset for a dataset
36,1,4,1,1,2,reference,returns the array of nags as a string delimited by space,get the <UNK> string as a string
36,3,2,4,1,1,alex1,get the <UNK> string as a string,returns the array of nags as a string delimited by space
36,4,3,3,2,2,reference,returns the array of nags as a string delimited by space,get the <UNK> string as a string
36,6,2,4,2,1,alex1,get the <UNK> string as a string,returns the array of nags as a string delimited by space
37,1,4,3,2,2,reference,returns a string representation of this regular expression,prints a tab
37,3,1,4,1,1,alex1,prints a tab,returns a string representation of this regular expression
37,4,3,3,2,2,alex1,prints a tab,returns a string representation of this regular expression
37,6,4,1,1,1,reference,returns a string representation of this regular expression,prints a tab
38,1,4,1,1,3,reference,load and validate the current application specification,load the application specification specification
38,3,4,1,1,2,alex1,load the application specification specification,load and validate the current application specification
38,4,4,2,2,3,reference,load and validate the current application specification,load the application specification specification
38,6,2,3,3,1,alex1,load the application specification specification,load and validate the current application specification
39,1,4,2,1,2,reference,removes service from this main form,remove a service from the service
39,3,3,3,1,3,alex1,remove a service from the service,removes service from this main form
39,4,3,3,2,2,alex1,remove a service from the service,removes service from this main form
39,6,3,1,1,2,reference,removes service from this main form,remove a service from the service
40,1,3,3,2,2,reference,adds the digit to the indicator text editor,adds a character to the character
40,3,2,4,1,1,alex1,adds a character to the character,adds the digit to the indicator text editor
40,4,3,2,1,2,reference,adds the digit to the indicator text editor,adds a character to the character
40,6,2,4,2,1,alex1,adds a character to the character,adds the digit to the indicator text editor
41,1,2,3,2,3,reference,this method evaluates the given population passed as,evaluates the population
41,3,4,4,1,4,alex1,evaluates the population,this method evaluates the given population passed as
41,4,3,3,1,3,alex1,evaluates the population,this method evaluates the given population passed as
41,6,2,3,3,3,reference,this method evaluates the given population passed as,evaluates the population
42,1,4,1,1,2,reference,start running the simulation from either a stopped or paused state,play the current state of the simulation
42,3,1,3,2,1,alex1,play the current state of the simulation,start running the simulation from either a stopped or paused state
42,4,4,2,2,2,reference,start running the simulation from either a stopped or paused state,play the current state of the simulation
42,6,2,3,3,1,alex1,play the current state of the simulation,start running the simulation from either a stopped or paused state
43,1,4,1,1,2,reference,ask a file for the username and password,reads from the file from the file
43,3,4,4,1,1,alex1,reads from the file from the file,ask a file for the username and password
43,4,3,4,2,2,alex1,reads from the file from the file,ask a file for the username and password
43,6,3,1,1,2,reference,ask a file for the username and password,reads from the file from the file
44,1,4,1,1,2,reference,this method resets schedule conflict,resets the identity conflict conflict
44,3,2,3,1,2,alex1,resets the identity conflict conflict,this method resets schedule conflict
44,4,3,2,1,2,reference,this method resets schedule conflict,resets the identity conflict conflict
44,6,2,3,3,2,alex1,resets the identity conflict conflict,this method resets schedule conflict
45,1,3,3,1,2,reference,method called from do end tag,this method is called when the same is called to be executed
45,3,2,4,2,1,alex1,this method is called when the same is called to be executed,method called from do end tag
45,4,2,4,4,1,alex1,this method is called when the same is called to be executed,method called from do end tag
45,6,2,4,2,2,reference,method called from do end tag,this method is called when the same is called to be executed
46,1,4,1,1,4,reference,this function swaps two items positions in the menu list,swap the items in the list of items
46,3,4,1,1,3,alex1,swap the items in the list of items,this function swaps two items positions in the menu list
46,4,4,2,1,3,reference,this function swaps two items positions in the menu list,swap the items in the list of items
46,6,4,1,1,4,alex1,swap the items in the list of items,this function swaps two items positions in the menu list
47,1,4,1,1,4,reference,returns an initiliazed instance of back command2 component,returns an initiliazed instance of back command2 component
47,3,4,1,1,4,alex1,returns an initiliazed instance of back command2 component,returns an initiliazed instance of back command2 component
47,4,4,2,2,4,alex1,returns an initiliazed instance of back command2 component,returns an initiliazed instance of back command2 component
47,6,4,1,1,4,reference,returns an initiliazed instance of back command2 component,returns an initiliazed instance of back command2 component
48,1,4,1,2,4,reference,this adds a property descriptor for the component definition id feature,this adds a property descriptor for the id id feature
48,3,4,1,2,3,alex1,this adds a property descriptor for the id id feature,this adds a property descriptor for the component definition id feature
48,4,3,2,2,3,reference,this adds a property descriptor for the component definition id feature,this adds a property descriptor for the id id feature
48,6,2,3,1,3,alex1,this adds a property descriptor for the id id feature,this adds a property descriptor for the component definition id feature
49,1,3,3,1,4,reference,this adds a property descriptor for the uri feature,this adds a property descriptor for the uri feature
49,3,4,1,1,4,alex1,this adds a property descriptor for the uri feature,this adds a property descriptor for the uri feature
49,4,4,2,1,4,alex1,this adds a property descriptor for the uri feature,this adds a property descriptor for the uri feature
49,6,3,2,1,4,reference,this adds a property descriptor for the uri feature,this adds a property descriptor for the uri feature
50,1,2,3,3,1,reference,self modifying version of view dice,returns a <UNK> for the given <UNK>
50,3,1,4,4,1,alex1,returns a <UNK> for the given <UNK>,self modifying version of view dice
50,4,3,3,2,1,reference,self modifying version of view dice,returns a <UNK> for the given <UNK>
50,6,1,4,1,1,alex1,returns a <UNK> for the given <UNK>,self modifying version of view dice
51,1,2,4,3,1,reference,group select or deselct on all selected rows,called when the selected button is pressed
51,3,4,4,1,1,alex1,called when the selected button is pressed,group select or deselct on all selected rows
51,4,3,3,2,2,alex1,called when the selected button is pressed,group select or deselct on all selected rows
51,6,3,3,2,1,reference,group select or deselct on all selected rows,called when the selected button is pressed
52,1,3,4,1,2,reference,hierarchical f score function,calculate the cross product of the given relation
52,3,4,2,1,1,alex1,calculate the cross product of the given relation,hierarchical f score function
52,4,2,3,2,1,reference,hierarchical f score function,calculate the cross product of the given relation
52,6,2,3,2,1,alex1,calculate the cross product of the given relation,hierarchical f score function
53,1,3,2,1,2,reference,draw the control fps panel in the control sketch window,draw the outline of the
53,3,2,3,1,1,alex1,draw the outline of the,draw the control fps panel in the control sketch window
53,4,3,4,2,2,alex1,draw the outline of the,draw the control fps panel in the control sketch window
53,6,4,1,2,2,reference,draw the control fps panel in the control sketch window,draw the outline of the
54,1,4,3,2,2,reference,handle the halt system call,handle the <UNK>
54,3,1,4,1,1,alex1,handle the <UNK>,handle the halt system call
54,4,4,2,2,2,reference,handle the halt system call,handle the <UNK>
54,6,1,4,2,1,alex1,handle the <UNK>,handle the halt system call
55,1,4,4,1,2,reference,releases an exclusive lock,release any exclusive references that are guaranteed to the specified
55,3,3,4,2,3,alex1,release any exclusive references that are guaranteed to the specified,releases an exclusive lock
55,4,1,3,4,1,alex1,release any exclusive references that are guaranteed to the specified,releases an exclusive lock
55,6,4,1,2,1,reference,releases an exclusive lock,release any exclusive references that are guaranteed to the specified
56,1,3,3,3,2,reference,returns a rectangle which represents the rectangular,returns the bounds of the receiver
56,3,4,2,1,2,alex1,returns the bounds of the receiver,returns a rectangle which represents the rectangular
56,4,3,3,3,2,reference,returns a rectangle which represents the rectangular,returns the bounds of the receiver
56,6,3,2,1,2,alex1,returns the bounds of the receiver,returns a rectangle which represents the rectangular
57,1,4,4,1,4,reference,refresh tree panel,refreshes the tree panel
57,3,4,1,1,4,alex1,refreshes the tree panel,refresh tree panel
57,4,3,3,2,4,alex1,refreshes the tree panel,refresh tree panel
57,6,4,3,1,4,reference,refresh tree panel,refreshes the tree panel
58,1,4,2,1,2,reference,create server file view,create the main menu bar
58,3,3,1,1,1,alex1,create the main menu bar,create server file view
58,4,3,3,2,2,reference,create server file view,create the main menu bar
58,6,2,3,2,2,alex1,create the main menu bar,create server file view
59,1,3,3,1,2,reference,adds a rotation to this matrix,adds a rotation to the rotation axis
59,3,4,3,1,4,alex1,adds a rotation to the rotation axis,adds a rotation to this matrix
59,4,2,3,2,2,alex1,adds a rotation to the rotation axis,adds a rotation to this matrix
59,6,4,1,1,3,reference,adds a rotation to this matrix,adds a rotation to the rotation axis
60,1,4,2,2,2,reference,test of set example method of class com,test of set county method of class org
60,3,1,4,1,1,alex1,test of set county method of class org,test of set example method of class com
60,4,3,2,2,2,reference,test of set example method of class com,test of set county method of class org
60,6,1,4,3,1,alex1,test of set county method of class org,test of set example method of class com
61,1,2,3,3,2,reference,save settings to property file,saves the properties of the properties
61,3,3,3,1,1,alex1,saves the properties of the properties,save settings to property file
61,4,3,2,1,3,alex1,saves the properties of the properties,save settings to property file
61,6,4,1,1,2,reference,save settings to property file,saves the properties of the properties
62,1,3,2,1,2,reference,notifies the client that the worker is ready to receive calls to other,process a worker to process a remote service
62,3,2,4,1,2,alex1,process a worker to process a remote service,notifies the client that the worker is ready to receive calls to other
62,4,3,2,2,2,reference,notifies the client that the worker is ready to receive calls to other,process a worker to process a remote service
62,6,3,2,1,1,alex1,process a worker to process a remote service,notifies the client that the worker is ready to receive calls to other
63,1,3,3,2,2,reference,load balances from the ranking file and configure the timer to save,caches the given file
63,3,2,4,2,1,alex1,caches the given file,load balances from the ranking file and configure the timer to save
63,4,3,4,2,1,alex1,caches the given file,load balances from the ranking file and configure the timer to save
63,6,4,1,1,1,reference,load balances from the ranking file and configure the timer to save,caches the given file
64,1,3,2,3,1,reference,return an code elist code containing all partner link elements defined,returns the scope of the scope
64,3,1,4,1,1,alex1,returns the scope of the scope,return an code elist code containing all partner link elements defined
64,4,2,4,4,1,reference,return an code elist code containing all partner link elements defined,returns the scope of the scope
64,6,2,3,3,1,alex1,returns the scope of the scope,return an code elist code containing all partner link elements defined
65,1,3,3,1,4,reference,this adds a property descriptor for the base feature,this adds a property descriptor for the base feature
65,3,4,1,1,4,alex1,this adds a property descriptor for the base feature,this adds a property descriptor for the base feature
65,4,3,3,2,4,alex1,this adds a property descriptor for the base feature,this adds a property descriptor for the base feature
65,6,4,1,1,4,reference,this adds a property descriptor for the base feature,this adds a property descriptor for the base feature
66,1,3,2,1,4,reference,this adds a property descriptor for the parent event name feature,this adds a property descriptor for the parent name feature
66,3,3,1,1,3,alex1,this adds a property descriptor for the parent name feature,this adds a property descriptor for the parent event name feature
66,4,3,2,2,3,reference,this adds a property descriptor for the parent event name feature,this adds a property descriptor for the parent name feature
66,6,3,3,2,4,alex1,this adds a property descriptor for the parent name feature,this adds a property descriptor for the parent event name feature
67,1,3,3,1,4,reference,this adds a property descriptor for the fixed feature,this adds a property descriptor for the fixed feature
67,3,4,1,1,4,alex1,this adds a property descriptor for the fixed feature,this adds a property descriptor for the fixed feature
67,4,3,2,2,4,alex1,this adds a property descriptor for the fixed feature,this adds a property descriptor for the fixed feature
67,6,4,1,1,4,reference,this adds a property descriptor for the fixed feature,this adds a property descriptor for the fixed feature
68,1,2,4,3,1,reference,an invalid character in a predicate is ignored but reported as a warning,test the case of a reported reported by a
68,3,3,3,1,1,alex1,test the case of a reported reported by a,an invalid character in a predicate is ignored but reported as a warning
68,4,3,4,2,2,reference,an invalid character in a predicate is ignored but reported as a warning,test the case of a reported reported by a
68,6,1,4,3,1,alex1,test the case of a reported reported by a,an invalid character in a predicate is ignored but reported as a warning
69,1,1,4,4,1,reference,all other tests only check for occurrences in axioms,tests if the given resource is null
69,3,2,4,1,1,alex1,tests if the given resource is null,all other tests only check for occurrences in axioms
69,4,3,3,1,1,alex1,tests if the given resource is null,all other tests only check for occurrences in axioms
69,6,2,3,3,1,reference,all other tests only check for occurrences in axioms,tests if the given resource is null
70,1,4,1,1,2,reference,returns the rodin database status object for this exception,get the status of the status of the given connection
70,3,3,1,1,1,alex1,get the status of the status of the given connection,returns the rodin database status object for this exception
70,4,3,2,2,2,reference,returns the rodin database status object for this exception,get the status of the status of the given connection
70,6,2,2,3,2,alex1,get the status of the status of the given connection,returns the rodin database status object for this exception
71,1,4,1,1,2,reference,ensures that a rodin file cannot be moved to a null container,test a move to a file
71,3,3,3,1,2,alex1,test a move to a file,ensures that a rodin file cannot be moved to a null container
71,4,3,3,2,2,alex1,test a move to a file,ensures that a rodin file cannot be moved to a null container
71,6,4,1,1,2,reference,ensures that a rodin file cannot be moved to a null container,test a move to a file
72,1,2,4,2,1,reference,ensures cycles are ignored,tests that a pure pure pure
72,3,1,4,3,1,alex1,tests that a pure pure pure,ensures cycles are ignored
72,4,2,3,2,1,reference,ensures cycles are ignored,tests that a pure pure pure
72,6,1,4,3,1,alex1,tests that a pure pure pure,ensures cycles are ignored
73,1,4,3,1,3,reference,this adds a property descriptor for the assignement feature,this adds a property descriptor for the <UNK> feature
73,3,4,3,3,3,alex1,this adds a property descriptor for the <UNK> feature,this adds a property descriptor for the assignement feature
73,4,3,3,2,2,alex1,this adds a property descriptor for the <UNK> feature,this adds a property descriptor for the assignement feature
73,6,4,1,2,2,reference,this adds a property descriptor for the assignement feature,this adds a property descriptor for the <UNK> feature
74,1,3,1,2,3,reference,returns all of the source roots specified in the source bundle providing,get all source roots of the plugin
74,3,4,1,1,4,alex1,get all source roots of the plugin,returns all of the source roots specified in the source bundle providing
74,4,3,3,3,3,reference,returns all of the source roots specified in the source bundle providing,get all source roots of the plugin
74,6,4,1,1,3,alex1,get all source roots of the plugin,returns all of the source roots specified in the source bundle providing
75,1,1,3,4,1,reference,removes the mapping between the designated sm2 client identifier and,invalidate the session with the session id
75,3,4,1,1,3,alex1,invalidate the session with the session id,removes the mapping between the designated sm2 client identifier and
75,4,3,2,2,2,alex1,invalidate the session with the session id,removes the mapping between the designated sm2 client identifier and
75,6,2,4,2,1,reference,removes the mapping between the designated sm2 client identifier and,invalidate the session with the session id
76,1,4,2,1,2,reference,here the local container description will be stored on disk,save the current line to the given file
76,3,2,3,1,1,alex1,save the current line to the given file,here the local container description will be stored on disk
76,4,3,2,2,2,reference,here the local container description will be stored on disk,save the current line to the given file
76,6,3,2,1,1,alex1,save the current line to the given file,here the local container description will be stored on disk
77,1,2,3,1,3,reference,marks the start of the interval,mark the specified value of the current time
77,3,2,4,1,2,alex1,mark the specified value of the current time,marks the start of the interval
77,4,2,3,2,1,alex1,mark the specified value of the current time,marks the start of the interval
77,6,3,3,2,1,reference,marks the start of the interval,mark the specified value of the current time
78,1,4,1,1,2,reference,check that the user login and password are set on session,test of login method of class session
78,3,4,1,1,3,alex1,test of login method of class session,check that the user login and password are set on session
78,4,4,1,1,3,reference,check that the user login and password are set on session,test of login method of class session
78,6,4,1,1,3,alex1,test of login method of class session,check that the user login and password are set on session
79,1,4,1,1,3,reference,create a new socket process for a new connection,creates a new server process
79,3,4,2,1,2,alex1,creates a new server process,create a new socket process for a new connection
79,4,3,2,2,2,alex1,creates a new server process,create a new socket process for a new connection
79,6,4,1,1,3,reference,create a new socket process for a new connection,creates a new server process
80,1,4,3,2,3,reference,test of get codigo method of class proyectoventadepasajes,test of get <UNK> method of class org
80,3,2,4,1,2,alex1,test of get <UNK> method of class org,test of get codigo method of class proyectoventadepasajes
80,4,2,3,4,2,reference,test of get codigo method of class proyectoventadepasajes,test of get <UNK> method of class org
80,6,2,3,3,2,alex1,test of get <UNK> method of class org,test of get codigo method of class proyectoventadepasajes
81,1,2,3,3,2,reference,flow 2 positive case hibernate sequence generator,test add country with sequence
81,3,4,1,1,1,alex1,test add country with sequence,flow 2 positive case hibernate sequence generator
81,4,3,3,2,2,alex1,test add country with sequence,flow 2 positive case hibernate sequence generator
81,6,1,3,3,1,reference,flow 2 positive case hibernate sequence generator,test add country with sequence
82,1,4,4,1,1,reference,test validate separation count,test the simple total number of <UNK>
82,3,1,4,1,1,alex1,test the simple total number of <UNK>,test validate separation count
82,4,3,3,2,2,reference,test validate separation count,test the simple total number of <UNK>
82,6,1,4,3,1,alex1,test the simple total number of <UNK>,test validate separation count
83,1,4,2,1,4,reference,this method initializes connection panel,this method initializes connection panel
83,3,4,2,1,4,alex1,this method initializes connection panel,this method initializes connection panel
83,4,4,1,1,4,alex1,this method initializes connection panel,this method initializes connection panel
83,6,4,1,1,4,reference,this method initializes connection panel,this method initializes connection panel
84,1,1,4,4,2,reference,returns a string of the serialised binding operation pointer part,returns a string representation of this operation
84,3,3,1,1,2,alex1,returns a string representation of this operation,returns a string of the serialised binding operation pointer part
84,4,3,2,2,3,reference,returns a string of the serialised binding operation pointer part,returns a string representation of this operation
84,6,4,1,1,3,alex1,returns a string representation of this operation,returns a string of the serialised binding operation pointer part
85,1,4,1,1,1,reference,converts the given integer into a character for the coordinate system,returns the index of the given character
85,3,1,4,1,1,alex1,returns the index of the given character,converts the given integer into a character for the coordinate system
85,4,2,3,3,1,alex1,returns the index of the given character,converts the given integer into a character for the coordinate system
85,6,4,1,1,3,reference,converts the given integer into a character for the coordinate system,returns the index of the given character
86,1,4,3,1,2,reference,test of delete fornecedor method of class fornecedor dao,test that the delete expired
86,3,3,3,1,3,alex1,test that the delete expired,test of delete fornecedor method of class fornecedor dao
86,4,3,2,2,2,reference,test of delete fornecedor method of class fornecedor dao,test that the delete expired
86,6,2,3,2,1,alex1,test that the delete expired,test of delete fornecedor method of class fornecedor dao
87,1,3,3,1,2,reference,generate the code in pure java form,generate the sql file
87,3,4,3,1,2,alex1,generate the sql file,generate the code in pure java form
87,4,3,4,2,1,alex1,generate the sql file,generate the code in pure java form
87,6,2,3,3,2,reference,generate the code in pure java form,generate the sql file
88,1,3,2,1,2,reference,generates the names of this type,generate all the elements in the code
88,3,2,4,1,1,alex1,generate all the elements in the code,generates the names of this type
88,4,2,3,2,2,reference,generates the names of this type,generate all the elements in the code
88,6,3,2,1,2,alex1,generate all the elements in the code,generates the names of this type
89,1,4,1,1,3,reference,each token of the line is an element of the list,split a list of lines
89,3,2,4,1,1,alex1,split a list of lines,each token of the line is an element of the list
89,4,4,1,1,2,alex1,split a list of lines,each token of the line is an element of the list
89,6,3,1,3,3,reference,each token of the line is an element of the list,split a list of lines
90,1,4,3,1,3,reference,test of get email method of class tools,test of get email method of class org
90,3,3,3,2,3,alex1,test of get email method of class org,test of get email method of class tools
90,4,3,3,2,3,reference,test of get email method of class tools,test of get email method of class org
90,6,4,1,1,4,alex1,test of get email method of class org,test of get email method of class tools
91,1,4,3,2,4,reference,test of set evt id method of class com,test of set method of class id
91,3,3,1,1,1,alex1,test of set method of class id,test of set evt id method of class com
91,4,3,3,2,3,alex1,test of set method of class id,test of set evt id method of class com
91,6,2,3,1,4,reference,test of set evt id method of class com,test of set method of class id
92,1,4,2,1,4,reference,test of set chk evt id method of class com,test of set box id method of class org
92,3,2,4,1,1,alex1,test of set box id method of class org,test of set chk evt id method of class com
92,4,2,4,3,2,reference,test of set chk evt id method of class com,test of set box id method of class org
92,6,2,2,1,2,alex1,test of set box id method of class org,test of set chk evt id method of class com
93,1,4,2,1,3,reference,test of get evt ids method of class com,test of get <UNK> method of class org
93,3,4,3,1,3,alex1,test of get <UNK> method of class org,test of get evt ids method of class com
93,4,1,3,3,2,alex1,test of get <UNK> method of class org,test of get evt ids method of class com
93,6,4,1,1,2,reference,test of get evt ids method of class com,test of get <UNK> method of class org
94,1,4,3,2,3,reference,test of get classification method of class com,test of get classification method of class org
94,3,4,1,1,4,alex1,test of get classification method of class org,test of get classification method of class com
94,4,3,2,2,2,reference,test of get classification method of class com,test of get classification method of class org
94,6,4,2,1,3,alex1,test of get classification method of class org,test of get classification method of class com
95,1,4,2,2,3,reference,test of set welcome msg method of class com,test of set welcome message method of class org
95,3,3,1,1,4,alex1,test of set welcome message method of class org,test of set welcome msg method of class com
95,4,3,1,1,3,alex1,test of set welcome message method of class org,test of set welcome msg method of class com
95,6,3,2,3,2,reference,test of set welcome msg method of class com,test of set welcome message method of class org
96,1,3,2,2,2,reference,loads the latest plan in order to show it,show the latest plan in the list of <UNK>
96,3,3,4,1,3,alex1,show the latest plan in the list of <UNK>,loads the latest plan in order to show it
96,4,2,3,2,2,reference,loads the latest plan in order to show it,show the latest plan in the list of <UNK>
96,6,2,4,1,2,alex1,show the latest plan in the list of <UNK>,loads the latest plan in order to show it
97,1,4,4,2,3,reference,this method initializes m unit combo,this method initializes unit combo
97,3,4,2,1,4,alex1,this method initializes unit combo,this method initializes m unit combo
97,4,3,2,2,3,alex1,this method initializes unit combo,this method initializes m unit combo
97,6,3,2,2,3,reference,this method initializes m unit combo,this method initializes unit combo
98,1,4,2,1,4,reference,this function searches a recipe starting with the recipe passed as parameter,search for the recipe that matches the given criteria
98,3,3,4,1,2,alex1,search for the recipe that matches the given criteria,this function searches a recipe starting with the recipe passed as parameter
98,4,3,2,2,3,reference,this function searches a recipe starting with the recipe passed as parameter,search for the recipe that matches the given criteria
98,6,4,1,1,2,alex1,search for the recipe that matches the given criteria,this function searches a recipe starting with the recipe passed as parameter
99,1,2,4,2,3,reference,select the entries bracketing a specified date,select the entries that the given date date
99,3,4,3,1,2,alex1,select the entries that the given date date,select the entries bracketing a specified date
99,4,3,3,2,3,alex1,select the entries that the given date date,select the entries bracketing a specified date
99,6,4,1,3,2,reference,select the entries bracketing a specified date,select the entries that the given date date
100,1,4,1,2,4,reference,returns an initiliazed instance of back command2 component,returns an initiliazed instance of back command2 component
100,3,4,1,1,4,alex1,returns an initiliazed instance of back command2 component,returns an initiliazed instance of back command2 component
100,4,3,2,2,4,reference,returns an initiliazed instance of back command2 component,returns an initiliazed instance of back command2 component
100,6,4,1,1,4,alex1,returns an initiliazed instance of back command2 component,returns an initiliazed instance of back command2 component
101,1,4,1,1,4,reference,returns an initiliazed instance of back command12 component,returns an initiliazed instance of back command12 component
101,3,4,1,1,4,alex1,returns an initiliazed instance of back command12 component,returns an initiliazed instance of back command12 component
101,4,4,2,2,4,alex1,returns an initiliazed instance of back command12 component,returns an initiliazed instance of back command12 component
101,6,4,1,1,4,reference,returns an initiliazed instance of back command12 component,returns an initiliazed instance of back command12 component
102,1,4,1,1,3,reference,returns an initiliazed instance of back command25 component,returns an initiliazed instance of back <UNK> component
102,3,2,4,1,2,alex1,returns an initiliazed instance of back <UNK> component,returns an initiliazed instance of back command25 component
102,4,4,1,1,2,reference,returns an initiliazed instance of back command25 component,returns an initiliazed instance of back <UNK> component
102,6,2,3,2,2,alex1,returns an initiliazed instance of back <UNK> component,returns an initiliazed instance of back command25 component
103,1,4,2,1,4,reference,returns an initiliazed instance of ok command18 component,returns an initiliazed instance of ok command18 component
103,3,4,1,1,4,alex1,returns an initiliazed instance of ok command18 component,returns an initiliazed instance of ok command18 component
103,4,3,2,2,4,alex1,returns an initiliazed instance of ok command18 component,returns an initiliazed instance of ok command18 component
103,6,4,1,1,4,reference,returns an initiliazed instance of ok command18 component,returns an initiliazed instance of ok command18 component
104,1,3,4,1,4,reference,set the endpoint address for the specified port name,set the endpoint address for the specified port name
104,3,4,2,1,4,alex1,set the endpoint address for the specified port name,set the endpoint address for the specified port name
104,4,3,2,2,4,reference,set the endpoint address for the specified port name,set the endpoint address for the specified port name
104,6,4,1,1,4,alex1,set the endpoint address for the specified port name,set the endpoint address for the specified port name
105,1,4,1,1,1,reference,returns the expression for inserting or selecting the atom,convert a expression to a expression
105,3,1,4,1,1,alex1,convert a expression to a expression,returns the expression for inserting or selecting the atom
105,4,2,3,2,1,alex1,convert a expression to a expression,returns the expression for inserting or selecting the atom
105,6,3,3,1,2,reference,returns the expression for inserting or selecting the atom,convert a expression to a expression
106,1,1,3,3,1,alex1,get a list of all the phonemes in the current list of,this method returns a collection or institution bean objects
106,3,4,1,1,1,reference,this method returns a collection or institution bean objects,get a list of all the phonemes in the current list of
106,4,3,2,2,1,reference,this method returns a collection or institution bean objects,get a list of all the phonemes in the current list of
106,6,1,4,3,1,alex1,get a list of all the phonemes in the current list of,this method returns a collection or institution bean objects
107,1,3,1,2,1,alex1,returns the number of queries that are a given query,performs a query and returns the count of objects the criteria specified
107,3,4,4,1,1,reference,performs a query and returns the count of objects the criteria specified,returns the number of queries that are a given query
107,4,2,3,2,2,alex1,returns the number of queries that are a given query,performs a query and returns the count of objects the criteria specified
107,6,4,1,1,1,reference,performs a query and returns the count of objects the criteria specified,returns the number of queries that are a given query
108,1,3,2,2,2,alex1,get the <UNK> object,return a reference to a remote object
108,3,4,2,1,1,reference,return a reference to a remote object,get the <UNK> object
108,4,3,2,1,2,reference,return a reference to a remote object,get the <UNK> object
108,6,2,4,1,2,alex1,get the <UNK> object,return a reference to a remote object
109,1,2,3,2,1,alex1,adds the errors to the given property,adds the given error for the given property
109,3,2,3,1,3,reference,adds the given error for the given property,adds the errors to the given property
109,4,3,3,2,3,alex1,adds the errors to the given property,adds the given error for the given property
109,6,3,2,2,4,reference,adds the given error for the given property,adds the errors to the given property
110,1,3,3,3,3,alex1,initialize the package and its package,initializes the class
110,3,4,1,1,2,reference,initializes the class,initialize the package and its package
110,4,3,3,1,2,reference,initializes the class,initialize the package and its package
110,6,3,3,4,3,alex1,initialize the package and its package,initializes the class
111,1,3,4,1,2,alex1,deletes an <UNK>,will delete algorithm and also references to it cascadely in tables
111,3,4,1,1,1,reference,will delete algorithm and also references to it cascadely in tables,deletes an <UNK>
111,4,2,4,2,1,alex1,deletes an <UNK>,will delete algorithm and also references to it cascadely in tables
111,6,3,1,1,1,reference,will delete algorithm and also references to it cascadely in tables,deletes an <UNK>
112,1,2,3,1,2,alex1,compares the specified object with the specified object,indicates whether some other object is equal to this one
112,3,4,1,1,2,reference,indicates whether some other object is equal to this one,compares the specified object with the specified object
112,4,3,2,2,3,reference,indicates whether some other object is equal to this one,compares the specified object with the specified object
112,6,3,2,1,4,alex1,compares the specified object with the specified object,indicates whether some other object is equal to this one
113,1,4,1,1,2,alex1,exits the event,gracefully shutdown the application
113,3,4,3,1,2,reference,gracefully shutdown the application,exits the event
113,4,4,1,1,1,alex1,exits the event,gracefully shutdown the application
113,6,4,2,1,3,reference,gracefully shutdown the application,exits the event
114,1,2,4,2,1,alex1,test invoke the method,test if we can invoke a given service
114,3,2,4,1,2,reference,test if we can invoke a given service,test invoke the method
114,4,3,2,2,2,reference,test if we can invoke a given service,test invoke the method
114,6,3,1,1,3,alex1,test invoke the method,test if we can invoke a given service
115,1,2,4,3,1,alex1,receives a connection to the server,responds to an error event
115,3,4,4,1,1,reference,responds to an error event,receives a connection to the server
115,4,2,3,3,1,alex1,receives a connection to the server,responds to an error event
115,6,3,3,2,1,reference,responds to an error event,receives a connection to the server
116,1,1,4,3,1,alex1,prints a statement,make sure that all of targets of the tt ret tt are valid
116,3,3,4,1,1,reference,make sure that all of targets of the tt ret tt are valid,prints a statement
116,4,2,3,3,2,reference,make sure that all of targets of the tt ret tt are valid,prints a statement
116,6,2,4,1,1,alex1,prints a statement,make sure that all of targets of the tt ret tt are valid
117,1,3,2,1,3,alex1,returns a list of files in the list of files,returns the files represented by the given fileset
117,3,4,1,1,3,reference,returns the files represented by the given fileset,returns a list of files in the list of files
117,4,3,2,3,2,alex1,returns a list of files in the list of files,returns the files represented by the given fileset
117,6,4,1,1,2,reference,returns the files represented by the given fileset,returns a list of files in the list of files
118,1,3,3,1,1,alex1,this method initializes preferences,window preferences menu action
118,3,3,4,1,1,reference,window preferences menu action,this method initializes preferences
118,4,2,3,2,2,reference,window preferences menu action,this method initializes preferences
118,6,4,1,1,2,alex1,this method initializes preferences,window preferences menu action
119,1,4,2,1,2,alex1,add the header headers to the response,add relative header
119,3,4,3,1,3,reference,add relative header,add the header headers to the response
119,4,3,4,4,2,alex1,add the header headers to the response,add relative header
119,6,4,2,2,2,reference,add relative header,add the header headers to the response
120,1,4,2,1,3,alex1,show the contact,show dialog with existing or new null contact
120,3,4,1,1,4,reference,show dialog with existing or new null contact,show the contact
120,4,3,2,2,3,reference,show dialog with existing or new null contact,show the contact
120,6,3,4,1,2,alex1,show the contact,show dialog with existing or new null contact
121,1,2,3,3,2,alex1,clears the counters from the form,clear all fielders from the field
121,3,4,1,1,1,reference,clear all fielders from the field,clears the counters from the form
121,4,2,4,1,1,alex1,clears the counters from the form,clear all fielders from the field
121,6,4,1,1,2,reference,clear all fielders from the field,clears the counters from the form
122,1,2,3,2,3,alex1,opens a cursor to the list of the selection,opens cursor with custom selection
122,3,4,3,1,4,reference,opens cursor with custom selection,opens a cursor to the list of the selection
122,4,3,2,2,3,reference,opens cursor with custom selection,opens a cursor to the list of the selection
122,6,3,1,1,3,alex1,opens a cursor to the list of the selection,opens cursor with custom selection
123,1,4,2,2,3,alex1,removes the view from the view,removes a small view from the scenario list
123,3,4,1,1,1,reference,removes a small view from the scenario list,removes the view from the view
123,4,3,3,2,2,alex1,removes the view from the view,removes a small view from the scenario list
123,6,3,3,1,3,reference,removes a small view from the scenario list,removes the view from the view
124,1,2,3,3,3,alex1,test that the lesser returned returned comparisons works correctly,unit test 1 negative parse tests to make sure the parser detects
124,3,4,2,1,2,reference,unit test 1 negative parse tests to make sure the parser detects,test that the lesser returned returned comparisons works correctly
124,4,4,1,1,3,reference,unit test 1 negative parse tests to make sure the parser detects,test that the lesser returned returned comparisons works correctly
124,6,2,3,3,1,alex1,test that the lesser returned returned comparisons works correctly,unit test 1 negative parse tests to make sure the parser detects
125,1,1,4,3,1,alex1,get all fs from the document,gets the global elements attribute of the definition miner object
125,3,2,4,3,1,reference,gets the global elements attribute of the definition miner object,get all fs from the document
125,4,1,4,1,1,alex1,get all fs from the document,gets the global elements attribute of the definition miner object
125,6,3,2,3,2,reference,gets the global elements attribute of the definition miner object,get all fs from the document
126,1,3,2,1,2,alex1,returns the label text for the given element,removes namespace prefix from label text
126,3,3,3,1,1,reference,removes namespace prefix from label text,returns the label text for the given element
126,4,4,2,2,3,reference,removes namespace prefix from label text,returns the label text for the given element
126,6,4,1,1,2,alex1,returns the label text for the given element,removes namespace prefix from label text
127,1,2,4,3,3,alex1,returns the status fields of the status field,gets the status flag input fields from the input manager
127,3,4,1,1,3,reference,gets the status flag input fields from the input manager,returns the status fields of the status field
127,4,3,3,2,2,alex1,returns the status fields of the status field,gets the status flag input fields from the input manager
127,6,4,1,1,2,reference,gets the status flag input fields from the input manager,returns the status fields of the status field
128,1,2,3,2,2,alex1,convert a map to the database,for use in json emulate part of people db 1
128,3,2,4,4,1,reference,for use in json emulate part of people db 1,convert a map to the database
128,4,2,4,3,1,reference,for use in json emulate part of people db 1,convert a map to the database
128,6,2,3,2,1,alex1,convert a map to the database,for use in json emulate part of people db 1
129,1,4,1,1,3,alex1,set the list of urls,sets the value of urls and normalizes them
129,3,4,2,1,2,reference,sets the value of urls and normalizes them,set the list of urls
129,4,4,1,1,3,alex1,set the list of urls,sets the value of urls and normalizes them
129,6,4,1,1,3,reference,sets the value of urls and normalizes them,set the list of urls
130,1,4,1,1,4,alex1,returns a string representation of this object,provides a string representataion for this dir info
130,3,4,1,1,3,reference,provides a string representataion for this dir info,returns a string representation of this object
130,4,3,2,2,3,reference,provides a string representataion for this dir info,returns a string representation of this object
130,6,4,3,1,3,alex1,returns a string representation of this object,provides a string representataion for this dir info
131,1,4,2,2,3,alex1,set the attributes of the top attributes,populate top level attributes with opml type specific data attributes from
131,3,4,3,1,2,reference,populate top level attributes with opml type specific data attributes from,set the attributes of the top attributes
131,4,3,3,2,2,alex1,set the attributes of the top attributes,populate top level attributes with opml type specific data attributes from
131,6,2,3,3,3,reference,populate top level attributes with opml type specific data attributes from,set the attributes of the top attributes
132,1,2,2,2,2,alex1,prints the specified object to the specified object,print a textual description of this expr info
132,3,2,3,1,1,reference,print a textual description of this expr info,prints the specified object to the specified object
132,4,3,4,2,2,reference,print a textual description of this expr info,prints the specified object to the specified object
132,6,2,4,1,1,alex1,prints the specified object to the specified object,print a textual description of this expr info
133,1,2,3,1,3,alex1,adds an object comment to the given instance,adds to the technical comment about this project
133,3,4,1,1,2,reference,adds to the technical comment about this project,adds an object comment to the given instance
133,4,3,2,2,3,alex1,adds an object comment to the given instance,adds to the technical comment about this project
133,6,4,1,1,2,reference,adds to the technical comment about this project,adds an object comment to the given instance
134,1,1,3,2,2,alex1,set the additional identifiers for a given type,this sets or replaces the additional sequences oids in this project
134,3,3,2,1,1,reference,this sets or replaces the additional sequences oids in this project,set the additional identifiers for a given type
134,4,4,2,2,1,reference,this sets or replaces the additional sequences oids in this project,set the additional identifiers for a given type
134,6,3,2,2,3,alex1,set the additional identifiers for a given type,this sets or replaces the additional sequences oids in this project
135,1,1,3,3,2,alex1,adds an item to the list of the combobox,puts an item into this field
135,3,2,3,1,3,reference,puts an item into this field,adds an item to the list of the combobox
135,4,3,2,2,2,alex1,adds an item to the list of the combobox,puts an item into this field
135,6,3,3,1,2,reference,puts an item into this field,adds an item to the list of the combobox
136,1,2,3,3,1,alex1,compares the current timer to the given code value code,compares the tpoint object with other tpoint using timestamps first i
136,3,3,3,1,1,reference,compares the tpoint object with other tpoint using timestamps first i,compares the current timer to the given code value code
136,4,3,3,2,2,reference,compares the tpoint object with other tpoint using timestamps first i,compares the current timer to the given code value code
136,6,2,3,3,2,alex1,compares the current timer to the given code value code,compares the tpoint object with other tpoint using timestamps first i
137,1,4,2,1,4,alex1,removes the selection from the given entity,removes the given entity from the basket
137,3,4,2,1,4,reference,removes the given entity from the basket,removes the selection from the given entity
137,4,3,2,1,3,alex1,removes the selection from the given entity,removes the given entity from the basket
137,6,3,3,2,2,reference,removes the given entity from the basket,removes the selection from the given entity
138,1,4,3,1,4,alex1,this adds a property descriptor for the icon feature,this adds a property descriptor for the icon feature
138,3,4,1,1,4,reference,this adds a property descriptor for the icon feature,this adds a property descriptor for the icon feature
138,4,3,2,2,4,reference,this adds a property descriptor for the icon feature,this adds a property descriptor for the icon feature
138,6,4,1,2,4,alex1,this adds a property descriptor for the icon feature,this adds a property descriptor for the icon feature
139,1,3,3,1,3,alex1,this adds a property descriptor for the selection selection feature,this adds a property descriptor for the multi selection feature
139,3,4,1,1,4,reference,this adds a property descriptor for the multi selection feature,this adds a property descriptor for the selection selection feature
139,4,3,3,2,2,alex1,this adds a property descriptor for the selection selection feature,this adds a property descriptor for the multi selection feature
139,6,4,1,1,3,reference,this adds a property descriptor for the multi selection feature,this adds a property descriptor for the selection selection feature
140,1,3,3,1,4,alex1,this adds a property descriptor for the columns feature,this adds a property descriptor for the columns feature
140,3,4,1,1,4,reference,this adds a property descriptor for the columns feature,this adds a property descriptor for the columns feature
140,4,3,3,2,4,reference,this adds a property descriptor for the columns feature,this adds a property descriptor for the columns feature
140,6,4,1,1,4,alex1,this adds a property descriptor for the columns feature,this adds a property descriptor for the columns feature
141,1,4,1,1,4,alex1,notifies all registered listeners that the progress has changed,notify all of the progress listeners of a state change
141,3,4,2,1,3,reference,notify all of the progress listeners of a state change,notifies all registered listeners that the progress has changed
141,4,3,2,2,3,alex1,notifies all registered listeners that the progress has changed,notify all of the progress listeners of a state change
141,6,4,1,1,4,reference,notify all of the progress listeners of a state change,notifies all registered listeners that the progress has changed
142,1,1,4,4,1,alex1,sets the <UNK> <UNK>,setz die standardabweichung der x drehung
142,3,1,4,4,1,reference,setz die standardabweichung der x drehung,sets the <UNK> <UNK>
142,4,3,2,1,2,reference,setz die standardabweichung der x drehung,sets the <UNK> <UNK>
142,6,1,4,2,1,alex1,sets the <UNK> <UNK>,setz die standardabweichung der x drehung
143,1,1,4,4,1,alex1,<UNK> <UNK> <UNK>,utility methods that resolve the value passed with for the given context
143,3,4,2,1,1,reference,utility methods that resolve the value passed with for the given context,<UNK> <UNK> <UNK>
143,4,1,4,1,1,alex1,<UNK> <UNK> <UNK>,utility methods that resolve the value passed with for the given context
143,6,3,3,2,1,reference,utility methods that resolve the value passed with for the given context,<UNK> <UNK> <UNK>
144,1,3,4,1,2,alex1,resolve this object in the given object,returns a list of advices contained in the group corresponding to this
144,3,4,3,1,1,reference,returns a list of advices contained in the group corresponding to this,resolve this object in the given object
144,4,4,3,2,2,reference,returns a list of advices contained in the group corresponding to this,resolve this object in the given object
144,6,1,4,3,1,alex1,resolve this object in the given object,returns a list of advices contained in the group corresponding to this
145,1,3,3,3,1,alex1,output the <UNK>,template method that can be overriden to log to another place than
145,3,4,4,3,1,reference,template method that can be overriden to log to another place than,output the <UNK>
145,4,3,3,1,1,alex1,output the <UNK>,template method that can be overriden to log to another place than
145,6,2,3,2,1,reference,template method that can be overriden to log to another place than,output the <UNK>
146,1,3,3,1,1,alex1,listen for incoming connections,starts the server blocks indefinately
146,3,2,4,1,1,reference,starts the server blocks indefinately,listen for incoming connections
146,4,2,3,3,1,reference,starts the server blocks indefinately,listen for incoming connections
146,6,4,1,1,1,alex1,listen for incoming connections,starts the server blocks indefinately
147,1,3,2,1,4,alex1,load the systems,load the various systems from the db
147,3,2,4,1,4,reference,load the various systems from the db,load the systems
147,4,3,4,1,3,alex1,load the systems,load the various systems from the db
147,6,3,3,2,3,reference,load the various systems from the db,load the systems
148,1,4,1,1,4,alex1,sets the value of a combo box,this method sets the vaule of combo value
148,3,4,1,1,1,reference,this method sets the vaule of combo value,sets the value of a combo box
148,4,3,3,2,3,reference,this method sets the vaule of combo value,sets the value of a combo box
148,6,4,1,1,4,alex1,sets the value of a combo box,this method sets the vaule of combo value
149,1,2,3,3,1,alex1,check the layout of the layout,checks layout set correctly
149,3,4,1,1,1,reference,checks layout set correctly,check the layout of the layout
149,4,3,3,2,2,alex1,check the layout of the layout,checks layout set correctly
149,6,4,2,1,3,reference,checks layout set correctly,check the layout of the layout
150,1,2,2,1,2,alex1,sets the text of the menu,sets the button text
150,3,4,1,1,3,reference,sets the button text,sets the text of the menu
150,4,4,1,1,2,reference,sets the button text,sets the text of the menu
150,6,3,1,1,3,alex1,sets the text of the menu,sets the button text
151,1,4,3,3,2,alex1,returns a string that contains a string,internal helper function read a string from the device
151,3,4,1,2,1,reference,internal helper function read a string from the device,returns a string that contains a string
151,4,3,3,1,2,alex1,returns a string that contains a string,internal helper function read a string from the device
151,6,4,1,1,1,reference,internal helper function read a string from the device,returns a string that contains a string
152,1,2,4,3,1,alex1,returns the strength of the influence in the influence,selects the influence law which is applicable to a given influence
152,3,4,1,1,1,reference,selects the influence law which is applicable to a given influence,returns the strength of the influence in the influence
152,4,3,2,2,2,reference,selects the influence law which is applicable to a given influence,returns the strength of the influence in the influence
152,6,1,3,3,1,alex1,returns the strength of the influence in the influence,selects the influence law which is applicable to a given influence
153,1,2,3,2,1,alex1,x y coordinates of the given point,check if a value lies between 2 other values
153,3,4,3,1,1,reference,check if a value lies between 2 other values,x y coordinates of the given point
153,4,3,3,1,1,alex1,x y coordinates of the given point,check if a value lies between 2 other values
153,6,4,1,1,1,reference,check if a value lies between 2 other values,x y coordinates of the given point
154,1,2,4,3,3,alex1,this method is called when the button is pressed,this method is called when a widget is attached to the browsers document
154,3,4,1,1,2,reference,this method is called when a widget is attached to the browsers document,this method is called when the button is pressed
154,4,3,2,2,1,reference,this method is called when a widget is attached to the browsers document,this method is called when the button is pressed
154,6,3,3,3,1,alex1,this method is called when the button is pressed,this method is called when a widget is attached to the browsers document
155,1,2,3,1,2,alex1,sets the attribute value,this function delegates to the native method code set named item code in
155,3,3,4,3,1,reference,this function delegates to the native method code set named item code in,sets the attribute value
155,4,3,3,2,2,alex1,sets the attribute value,this function delegates to the native method code set named item code in
155,6,1,4,4,1,reference,this function delegates to the native method code set named item code in,sets the attribute value
156,1,3,1,1,3,alex1,stores the specified zip file to the stream,stores a new element in the zip file with the given path
156,3,3,3,1,1,reference,stores a new element in the zip file with the given path,stores the specified zip file to the stream
156,4,4,2,2,2,reference,stores a new element in the zip file with the given path,stores the specified zip file to the stream
156,6,4,1,1,3,alex1,stores the specified zip file to the stream,stores a new element in the zip file with the given path
157,1,4,1,1,4,alex1,reads a response from the inputstream,read the entire response from the http post as a string
157,3,4,1,1,3,reference,read the entire response from the http post as a string,reads a response from the inputstream
157,4,3,3,2,3,alex1,reads a response from the inputstream,read the entire response from the http post as a string
157,6,4,1,1,3,reference,read the entire response from the http post as a string,reads a response from the inputstream
158,1,2,4,1,1,alex1,append the given string to the list,p append declarations needed by the code note converter code to
158,3,4,4,1,1,reference,p append declarations needed by the code note converter code to,append the given string to the list
158,4,3,1,4,2,reference,p append declarations needed by the code note converter code to,append the given string to the list
158,6,1,3,1,1,alex1,append the given string to the list,p append declarations needed by the code note converter code to
159,1,4,3,2,2,alex1,update gain gain,set the volume
159,3,4,2,1,2,reference,set the volume,update gain gain
159,4,3,3,2,2,alex1,update gain gain,set the volume
159,6,2,4,1,1,reference,set the volume,update gain gain
160,1,4,1,1,4,alex1,initializes the buttons,inits the buttons on the screen
160,3,4,1,1,4,reference,inits the buttons on the screen,initializes the buttons
160,4,4,1,1,4,reference,inits the buttons on the screen,initializes the buttons
160,6,4,1,1,4,alex1,initializes the buttons,inits the buttons on the screen
161,1,3,2,1,3,alex1,iconifies the frames in the frame,iconify the given frame
161,3,3,3,1,3,reference,iconify the given frame,iconifies the frames in the frame
161,4,3,3,2,3,alex1,iconifies the frames in the frame,iconify the given frame
161,6,4,1,1,3,reference,iconify the given frame,iconifies the frames in the frame
162,1,4,2,1,1,alex1,returns the component definition for the given name,bugfix for wo component loading
162,3,2,4,1,1,reference,bugfix for wo component loading,returns the component definition for the given name
162,4,2,3,2,2,reference,bugfix for wo component loading,returns the component definition for the given name
162,6,4,1,1,1,alex1,returns the component definition for the given name,bugfix for wo component loading
163,1,1,4,4,2,alex1,this method is called when the user modifies the user,brings the user to the registration dialog
163,3,3,2,1,1,reference,brings the user to the registration dialog,this method is called when the user modifies the user
163,4,1,4,3,1,alex1,this method is called when the user modifies the user,brings the user to the registration dialog
163,6,3,2,1,1,reference,brings the user to the registration dialog,this method is called when the user modifies the user
164,1,4,1,1,2,alex1,saves the current file to the file,save the move sets to a file
164,3,4,1,1,2,reference,save the move sets to a file,saves the current file to the file
164,4,1,4,1,1,reference,save the move sets to a file,saves the current file to the file
164,6,3,2,2,3,alex1,saves the current file to the file,save the move sets to a file
165,1,3,3,1,3,alex1,returns the effect of the given agent,return the effect applied to this pokemon of a particular lock or
165,3,3,4,1,1,reference,return the effect applied to this pokemon of a particular lock or,returns the effect of the given agent
165,4,3,3,2,2,alex1,returns the effect of the given agent,return the effect applied to this pokemon of a particular lock or
165,6,2,3,3,2,reference,return the effect applied to this pokemon of a particular lock or,returns the effect of the given agent
166,1,2,3,3,2,alex1,returns the name of the user name from the user,get users name from cookie
166,3,4,1,1,2,reference,get users name from cookie,returns the name of the user name from the user
166,4,4,2,2,2,reference,get users name from cookie,returns the name of the user name from the user
166,6,2,2,4,2,alex1,returns the name of the user name from the user,get users name from cookie
167,1,4,2,1,4,alex1,this method initializes menu,this method initializes menu administracion
167,3,4,2,1,3,reference,this method initializes menu administracion,this method initializes menu
167,4,3,2,2,3,alex1,this method initializes menu,this method initializes menu administracion
167,6,3,2,1,3,reference,this method initializes menu administracion,this method initializes menu
168,1,4,2,1,3,alex1,returns the password for the given user,fetches the password for a given account user and server
168,3,4,2,1,3,reference,fetches the password for a given account user and server,returns the password for the given user
168,4,4,3,1,3,reference,fetches the password for a given account user and server,returns the password for the given user
168,6,4,1,1,4,alex1,returns the password for the given user,fetches the password for a given account user and server
169,1,2,3,2,2,alex1,cleans up the cache,overriden to close the statement
169,3,4,1,2,1,reference,overriden to close the statement,cleans up the cache
169,4,3,2,2,2,alex1,cleans up the cache,overriden to close the statement
169,6,3,3,2,2,reference,overriden to close the statement,cleans up the cache
170,1,2,4,3,1,alex1,this method is called when the asynchronous message is asynchronous,forward some message to the participant
170,3,4,1,1,1,reference,forward some message to the participant,this method is called when the asynchronous message is asynchronous
170,4,3,3,1,2,reference,forward some message to the participant,this method is called when the asynchronous message is asynchronous
170,6,2,3,3,1,alex1,this method is called when the asynchronous message is asynchronous,forward some message to the participant
171,1,2,3,2,2,alex1,check if a member is an already already seen member,return true if member 2
171,3,2,4,1,1,reference,return true if member 2,check if a member is an already already seen member
171,4,3,3,2,2,alex1,check if a member is an already already seen member,return true if member 2
171,6,2,4,1,1,reference,return true if member 2,check if a member is an already already seen member
172,1,1,3,3,1,alex1,load the user from the list,called when the user selects to load the in game notes file
172,3,4,1,1,1,reference,called when the user selects to load the in game notes file,load the user from the list
172,4,3,2,1,1,reference,called when the user selects to load the in game notes file,load the user from the list
172,6,1,4,3,1,alex1,load the user from the list,called when the user selects to load the in game notes file
173,1,2,3,4,1,alex1,adds the specified popup menu to the list,helper method which creates and adds an option for limit to the specified
173,3,4,1,1,1,reference,helper method which creates and adds an option for limit to the specified,adds the specified popup menu to the list
173,4,2,3,2,2,alex1,adds the specified popup menu to the list,helper method which creates and adds an option for limit to the specified
173,6,3,2,4,2,reference,helper method which creates and adds an option for limit to the specified,adds the specified popup menu to the list
174,1,1,4,3,1,alex1,make a center of the canvas,helper method which creates and returns a canvas for images
174,3,4,1,1,2,reference,helper method which creates and returns a canvas for images,make a center of the canvas
174,4,4,1,1,1,reference,helper method which creates and returns a canvas for images,make a center of the canvas
174,6,2,3,2,2,alex1,make a center of the canvas,helper method which creates and returns a canvas for images
175,1,4,2,1,4,alex1,initializes the options menu bar,initiates and populates the options menu
175,3,4,1,1,4,reference,initiates and populates the options menu,initializes the options menu bar
175,4,3,2,2,2,alex1,initializes the options menu bar,initiates and populates the options menu
175,6,4,1,2,4,reference,initiates and populates the options menu,initializes the options menu bar
176,1,4,2,1,3,alex1,populates the list of resources,helper method which populates the gui list for resources which are new at
176,3,4,1,1,3,reference,helper method which populates the gui list for resources which are new at,populates the list of resources
176,4,2,4,2,3,reference,helper method which populates the gui list for resources which are new at,populates the list of resources
176,6,4,1,1,3,alex1,populates the list of resources,helper method which populates the gui list for resources which are new at
177,1,4,1,1,4,alex1,returns a string representation of this object,p returns the string representation of this matcher
177,3,4,1,1,4,reference,p returns the string representation of this matcher,returns a string representation of this object
177,4,3,3,2,2,alex1,returns a string representation of this object,p returns the string representation of this matcher
177,6,2,3,2,3,reference,p returns the string representation of this matcher,returns a string representation of this object
178,1,1,3,4,1,alex1,sets up the customization specification and feel,attempts to retrieve mrj version and mrj major version information on the
178,3,4,2,1,1,reference,attempts to retrieve mrj version and mrj major version information on the,sets up the customization specification and feel
178,4,2,4,2,1,reference,attempts to retrieve mrj version and mrj major version information on the,sets up the customization specification and feel
178,6,2,4,3,1,alex1,sets up the customization specification and feel,attempts to retrieve mrj version and mrj major version information on the
179,1,3,3,1,3,alex1,moves the index of the target,moves the given target up in the list of active targets
179,3,4,1,1,3,reference,moves the given target up in the list of active targets,moves the index of the target
179,4,3,2,2,3,alex1,moves the index of the target,moves the given target up in the list of active targets
179,6,4,1,1,4,reference,moves the given target up in the list of active targets,moves the index of the target
180,1,3,3,2,2,alex1,adds the current list of cmd arguments,adds jailer cli arguments for db connection
180,3,4,1,1,2,reference,adds jailer cli arguments for db connection,adds the current list of cmd arguments
180,4,3,2,2,3,reference,adds jailer cli arguments for db connection,adds the current list of cmd arguments
180,6,3,1,1,2,alex1,adds the current list of cmd arguments,adds jailer cli arguments for db connection
181,1,1,4,4,1,alex1,make a new table that is a valid table,gets render of an association for the join combobox
181,3,4,3,1,1,reference,gets render of an association for the join combobox,make a new table that is a valid table
181,4,2,3,3,2,alex1,make a new table that is a valid table,gets render of an association for the join combobox
181,6,2,3,2,1,reference,gets render of an association for the join combobox,make a new table that is a valid table
182,1,3,2,2,3,alex1,make a unique paragraph that is unique across a word across,used to create a paragraph of unique words with varying lengths
182,3,4,3,1,3,reference,used to create a paragraph of unique words with varying lengths,make a unique paragraph that is unique across a word across
182,4,3,3,2,3,reference,used to create a paragraph of unique words with varying lengths,make a unique paragraph that is unique across a word across
182,6,2,3,3,2,alex1,make a unique paragraph that is unique across a word across,used to create a paragraph of unique words with varying lengths
183,1,2,4,2,2,alex1,check if the actor is next actor,check if a player is next to another actor
183,3,4,1,1,3,reference,check if a player is next to another actor,check if the actor is next actor
183,4,3,2,2,1,alex1,check if the actor is next actor,check if a player is next to another actor
183,6,4,1,1,2,reference,check if a player is next to another actor,check if the actor is next actor
184,1,4,2,1,1,alex1,returns the list of the feed items for the given feed,feed feed item
184,3,3,4,1,1,reference,feed feed item,returns the list of the feed items for the given feed
184,4,2,3,2,2,reference,feed feed item,returns the list of the feed items for the given feed
184,6,3,3,1,2,alex1,returns the list of the feed items for the given feed,feed feed item
185,1,4,1,2,3,alex1,this method will add a <UNK> deployment,add a sand uideployment to our list of uis for this project
185,3,4,1,1,2,reference,add a sand uideployment to our list of uis for this project,this method will add a <UNK> deployment
185,4,2,4,2,1,alex1,this method will add a <UNK> deployment,add a sand uideployment to our list of uis for this project
185,6,4,1,1,2,reference,add a sand uideployment to our list of uis for this project,this method will add a <UNK> deployment
186,1,3,3,2,2,alex1,sets the directory directory,recursively walk the given project tree setting the gen jar dir
186,3,3,4,1,1,reference,recursively walk the given project tree setting the gen jar dir,sets the directory directory
186,4,4,1,1,2,reference,recursively walk the given project tree setting the gen jar dir,sets the directory directory
186,6,2,3,3,1,alex1,sets the directory directory,recursively walk the given project tree setting the gen jar dir
187,1,2,3,1,2,alex1,sets the value of the input,set this extensions value
187,3,4,3,1,2,reference,set this extensions value,sets the value of the input
187,4,3,4,2,3,alex1,sets the value of the input,set this extensions value
187,6,4,1,1,2,reference,set this extensions value,sets the value of the input
188,1,4,1,1,1,alex1,initializes the class list of the given object,this method is called from within the constructor to
188,3,2,4,2,1,reference,this method is called from within the constructor to,initializes the class list of the given object
188,4,1,4,4,1,reference,this method is called from within the constructor to,initializes the class list of the given object
188,6,3,1,1,1,alex1,initializes the class list of the given object,this method is called from within the constructor to
189,1,4,2,1,3,alex1,encode a string to a string,encodes a string using base64 encoding
189,3,4,1,1,3,reference,encodes a string using base64 encoding,encode a string to a string
189,4,4,2,1,3,alex1,encode a string to a string,encodes a string using base64 encoding
189,6,4,1,1,3,reference,encodes a string using base64 encoding,encode a string to a string
190,1,4,4,1,2,alex1,get the preference store,creates and the code preference store code for this application
190,3,3,3,2,3,reference,creates and the code preference store code for this application,get the preference store
190,4,2,4,2,3,reference,creates and the code preference store code for this application,get the preference store
190,6,4,1,3,2,alex1,get the preference store,creates and the code preference store code for this application
191,1,4,1,1,3,alex1,get the image for the given url,returns the first image found in the page with the specified src attribute
191,3,4,1,1,1,reference,returns the first image found in the page with the specified src attribute,get the image for the given url
191,4,3,3,2,2,alex1,get the image for the given url,returns the first image found in the page with the specified src attribute
191,6,4,1,1,3,reference,returns the first image found in the page with the specified src attribute,get the image for the given url
192,1,4,1,1,4,alex1,returns a clone of the datatype,clone the format object
192,3,4,2,1,2,reference,clone the format object,returns a clone of the datatype
192,4,3,1,1,3,reference,clone the format object,returns a clone of the datatype
192,6,4,1,1,3,alex1,returns a clone of the datatype,clone the format object
193,1,4,2,1,4,alex1,this method initializes j split pane,this method initializes j split pane
193,3,4,1,1,4,reference,this method initializes j split pane,this method initializes j split pane
193,4,3,3,1,4,alex1,this method initializes j split pane,this method initializes j split pane
193,6,3,1,1,4,reference,this method initializes j split pane,this method initializes j split pane
194,1,2,4,1,1,alex1,returns the value of the field,evaluates the numbers of hours in the xsd date time
194,3,3,2,1,2,reference,evaluates the numbers of hours in the xsd date time,returns the value of the field
194,4,2,3,2,1,reference,evaluates the numbers of hours in the xsd date time,returns the value of the field
194,6,1,4,1,1,alex1,returns the value of the field,evaluates the numbers of hours in the xsd date time
195,1,2,4,3,2,alex1,recognizes a literal literal literal,casts the passed untypted literal to a boolean literal
195,3,4,1,1,1,reference,casts the passed untypted literal to a boolean literal,recognizes a literal literal literal
195,4,2,3,4,2,alex1,recognizes a literal literal literal,casts the passed untypted literal to a boolean literal
195,6,4,1,1,2,reference,casts the passed untypted literal to a boolean literal,recognizes a literal literal literal
196,1,3,4,3,4,alex1,this method is called when the document has been completed,called when the loading of a document was completed
196,3,4,2,1,4,reference,called when the loading of a document was completed,this method is called when the document has been completed
196,4,4,3,1,4,reference,called when the loading of a document was completed,this method is called when the document has been completed
196,6,4,3,1,4,alex1,this method is called when the document has been completed,called when the loading of a document was completed
197,1,4,4,1,2,alex1,updates the current time,updates the animated image every update interval ms
197,3,4,3,1,1,reference,updates the animated image every update interval ms,updates the current time
197,4,4,1,1,1,alex1,updates the current time,updates the animated image every update interval ms
197,6,4,1,1,2,reference,updates the animated image every update interval ms,updates the current time
198,1,3,4,1,2,alex1,get the list of the user,returns the list of collaborate collections for the given user id
198,3,4,1,1,2,reference,returns the list of collaborate collections for the given user id,get the list of the user
198,4,3,2,2,2,reference,returns the list of collaborate collections for the given user id,get the list of the user
198,6,2,4,1,1,alex1,get the list of the user,returns the list of collaborate collections for the given user id
199,1,3,2,2,4,alex1,adds a primary key to the primary key,adds a primarykey column
199,3,4,2,1,3,reference,adds a primarykey column,adds a primary key to the primary key
199,4,2,4,1,2,alex1,adds a primary key to the primary key,adds a primarykey column
199,6,4,1,1,2,reference,adds a primarykey column,adds a primary key to the primary key
200,1,2,4,3,1,alex1,leaves all of the mouse event to the specified map,generate events to leave all components vertex edge or cell
200,3,3,4,2,1,reference,generate events to leave all components vertex edge or cell,leaves all of the mouse event to the specified map
200,4,2,4,2,2,reference,generate events to leave all components vertex edge or cell,leaves all of the mouse event to the specified map
200,6,3,1,1,2,alex1,leaves all of the mouse event to the specified map,generate events to leave all components vertex edge or cell
201,1,3,3,1,4,alex1,this adds a property descriptor for the mode feature,this adds a property descriptor for the mode feature
201,3,4,1,1,4,reference,this adds a property descriptor for the mode feature,this adds a property descriptor for the mode feature
201,4,3,2,2,4,alex1,this adds a property descriptor for the mode feature,this adds a property descriptor for the mode feature
201,6,4,1,1,4,reference,this adds a property descriptor for the mode feature,this adds a property descriptor for the mode feature
202,1,3,3,1,4,alex1,this adds a property descriptor for the use cache feature,this adds a property descriptor for the use cache feature
202,3,4,1,1,4,reference,this adds a property descriptor for the use cache feature,this adds a property descriptor for the use cache feature
202,4,3,2,2,3,reference,this adds a property descriptor for the use cache feature,this adds a property descriptor for the use cache feature
202,6,4,1,1,4,alex1,this adds a property descriptor for the use cache feature,this adds a property descriptor for the use cache feature
203,1,3,3,2,3,alex1,this adds a property descriptor for the session session feature,this adds a property descriptor for the session variables feature
203,3,4,1,1,3,reference,this adds a property descriptor for the session variables feature,this adds a property descriptor for the session session feature
203,4,3,3,3,2,alex1,this adds a property descriptor for the session session feature,this adds a property descriptor for the session variables feature
203,6,4,1,1,4,reference,this adds a property descriptor for the session variables feature,this adds a property descriptor for the session session feature
204,1,3,3,1,3,alex1,this adds a property descriptor for the max size size feature,this adds a property descriptor for the max pool size feature
204,3,4,1,1,4,reference,this adds a property descriptor for the max pool size feature,this adds a property descriptor for the max size size feature
204,4,3,2,2,4,reference,this adds a property descriptor for the max pool size feature,this adds a property descriptor for the max size size feature
204,6,4,1,1,4,alex1,this adds a property descriptor for the max size size feature,this adds a property descriptor for the max pool size feature
205,1,4,2,1,4,alex1,this adds a property descriptor for the max time time feature,this adds a property descriptor for the max idle time feature
205,3,4,1,1,4,reference,this adds a property descriptor for the max idle time feature,this adds a property descriptor for the max time time feature
205,4,3,3,2,4,alex1,this adds a property descriptor for the max time time feature,this adds a property descriptor for the max idle time feature
205,6,4,1,1,3,reference,this adds a property descriptor for the max idle time feature,this adds a property descriptor for the max time time feature
206,1,1,3,4,1,alex1,modify the role in the role of the role,role user cache resource cache
206,3,3,4,1,1,reference,role user cache resource cache,modify the role in the role of the role
206,4,1,4,3,2,reference,role user cache resource cache,modify the role in the role of the role
206,6,1,4,3,2,alex1,modify the role in the role of the role,role user cache resource cache
207,1,2,4,1,1,alex1,returns the name of the given name,may return null if no mapping for the name exists
207,3,4,4,1,1,reference,may return null if no mapping for the name exists,returns the name of the given name
207,4,3,2,2,3,alex1,returns the name of the given name,may return null if no mapping for the name exists
207,6,3,3,2,1,reference,may return null if no mapping for the name exists,returns the name of the given name
208,1,3,3,1,3,alex1,returns the fastest generator generator for the given <UNK>,returns the fastest generator for the given language
208,3,3,1,1,3,reference,returns the fastest generator for the given language,returns the fastest generator generator for the given <UNK>
208,4,3,2,2,3,reference,returns the fastest generator for the given language,returns the fastest generator generator for the given <UNK>
208,6,2,3,3,3,alex1,returns the fastest generator generator for the given <UNK>,returns the fastest generator for the given language
209,1,3,2,2,3,alex1,adds a coordinate to the given location,add a coordinate axis
209,3,4,2,1,1,reference,add a coordinate axis,adds a coordinate to the given location
209,4,3,1,1,3,alex1,adds a coordinate to the given location,add a coordinate axis
209,6,3,2,1,3,reference,add a coordinate axis,adds a coordinate to the given location
210,1,1,3,2,2,alex1,convert a binary string to a string,string builder to string
210,3,1,4,1,2,reference,string builder to string,convert a binary string to a string
210,4,2,4,1,1,reference,string builder to string,convert a binary string to a string
210,6,3,3,2,2,alex1,convert a binary string to a string,string builder to string
